tenure,age,address,income,ed,employ,equip,callcard,wireless,longmon,tollmon,equipmon,cardmon,wiremon,longten,tollten,cardten,voice,pager,internet,callwait,confer,ebill,loglong,logtoll,lninc,custcat,churn
11.000,33.000,7.000,136.000,5.000,5.000,0.000,1.000,1.000,4.400,20.750,0.000,15.250,35.700,42.000,211.450,125.000,1.000,1.000,0.000,1.000,1.000,0.000,1.482,3.033,4.913,4.000,1.000
33.000,33.000,12.000,33.000,2.000,0.000,0.000,0.000,0.000,9.450,0.000,0.000,0.000,0.000,288.800,0.000,0.000,0.000,0.000,0.000,0.000,0.000,0.000,2.246,3.240,3.497,1.000,1.000
23.000,30.000,9.000,30.000,1.000,2.000,0.000,0.000,0.000,6.300,0.000,0.000,0.000,0.000,157.050,0.000,0.000,0.000,0.000,0.000,0.000,1.000,0.000,1.841,3.240,3.401,3.000,0.000
38.000,35.000,5.000,76.000,2.000,10.000,1.000,1.000,1.000,6.050,45.000,50.100,23.250,64.900,239.550,1873.050,880.000,1.000,1.000,1.000,1.000,1.000,1.000,1.800,3.807,4.331,4.000,0.000
7.000,35.000,14.000,80.000,2.000,15.000,0.000,1.000,0.000,7.100,22.000,0.000,23.750,0.000,47.450,166.100,145.000,1.000,0.000,0.000,1.000,1.000,0.000,1.960,3.091,4.382,3.000,0.000
68.000,52.000,17.000,120.000,1.000,24.000,0.000,1.000,0.000,20.700,0.000,0.000,22.000,0.000,1391.050,0.000,1505.000,0.000,0.000,0.000,0.000,0.000,0.000,3.030,3.240,4.787,1.000,0.000
42.000,40.000,7.000,37.000,2.000,8.000,1.000,1.000,1.000,8.250,23.500,36.900,28.000,37.400,399.150,950.650,1190.000,1.000,0.000,1.000,1.000,1.000,1.000,2.110,3.157,3.611,4.000,0.000
9.000,21.000,1.000,17.000,2.000,2.000,0.000,0.000,0.000,2.900,0.000,0.000,0.000,0.000,25.250,0.000,0.000,0.000,0.000,0.000,0.000,0.000,0.000,1.065,3.240,2.833,1.000,0.000
35.000,50.000,26.000,140.000,2.000,21.000,0.000,1.000,0.000,6.500,27.500,0.000,35.000,0.000,247.550,1068.250,1215.000,0.000,0.000,0.000,1.000,1.000,0.000,1.872,3.314,4.942,3.000,0.000
49.000,51.000,27.000,63.000,4.000,19.000,0.000,1.000,0.000,12.850,25.750,0.000,14.250,0.000,585.600,1278.450,635.000,0.000,0.000,1.000,1.000,0.000,1.000,2.553,3.248,4.143,2.000,0.000
56.000,52.000,28.000,49.000,2.000,12.000,0.000,1.000,0.000,24.750,0.000,0.000,22.250,0.000,1349.050,0.000,1215.000,0.000,0.000,0.000,0.000,0.000,0.000,3.209,3.240,3.892,2.000,0.000
47.000,40.000,16.000,127.000,4.000,12.000,1.000,1.000,0.000,19.700,0.000,28.150,14.750,0.000,909.900,0.000,680.000,0.000,0.000,1.000,0.000,0.000,1.000,2.981,3.240,4.844,2.000,0.000
56.000,50.000,1.000,80.000,2.000,24.000,0.000,1.000,1.000,28.800,55.500,0.000,21.250,61.100,1558.100,3119.450,1065.000,1.000,1.000,0.000,1.000,1.000,0.000,3.360,4.016,4.382,4.000,0.000
69.000,51.000,11.000,438.000,4.000,23.000,1.000,1.000,0.000,29.000,0.000,47.050,24.750,0.000,1815.400,0.000,1655.000,0.000,1.000,1.000,0.000,1.000,0.000,3.367,3.240,6.082,4.000,0.000
16.000,27.000,5.000,37.000,3.000,5.000,0.000,0.000,0.000,6.000,0.000,0.000,0.000,0.000,80.700,0.000,0.000,0.000,0.000,0.000,0.000,0.000,0.000,1.792,3.240,3.611,1.000,0.000
4.000,35.000,16.000,161.000,5.000,6.000,1.000,0.000,1.000,3.400,23.750,49.800,0.000,35.750,10.350,103.100,0.000,1.000,1.000,1.000,1.000,1.000,1.000,1.224,3.168,5.081,4.000,1.000
27.000,51.000,3.000,80.000,5.000,11.000,1.000,0.000,0.000,7.100,0.000,39.400,0.000,0.000,176.200,0.000,0.000,0.000,1.000,1.000,0.000,0.000,1.000,1.960,3.240,4.382,2.000,0.000
52.000,61.000,3.000,53.000,5.000,1.000,1.000,1.000,1.000,12.250,0.000,38.400,8.750,35.950,631.700,0.000,465.000,1.000,0.000,1.000,0.000,1.000,1.000,2.506,3.240,3.970,2.000,0.000
64.000,25.000,4.000,76.000,3.000,2.000,1.000,1.000,0.000,24.050,0.000,35.400,21.250,0.000,1536.550,0.000,1400.000,0.000,0.000,0.000,0.000,1.000,1.000,3.180,3.240,4.331,3.000,0.000
12.000,24.000,2.000,19.000,1.000,0.000,0.000,1.000,0.000,4.000,24.750,0.000,27.250,0.000,46.000,299.000,295.000,0.000,0.000,0.000,1.000,1.000,0.000,1.386,3.209,2.944,3.000,1.000
35.000,61.000,23.000,41.000,2.000,11.000,0.000,1.000,0.000,9.600,0.000,0.000,9.500,0.000,353.550,0.000,295.000,0.000,0.000,0.000,0.000,0.000,0.000,2.262,3.240,3.714,1.000,0.000
13.000,54.000,2.000,31.000,4.000,2.000,0.000,0.000,0.000,5.850,0.000,0.000,0.000,0.000,97.000,0.000,0.000,1.000,0.000,1.000,0.000,0.000,1.000,1.766,3.240,3.434,1.000,0.000
45.000,22.000,2.000,36.000,4.000,0.000,1.000,0.000,0.000,9.950,14.750,26.150,0.000,0.000,412.100,663.100,0.000,0.000,0.000,0.000,0.000,0.000,0.000,2.298,2.691,3.584,2.000,1.000
3.000,37.000,13.000,24.000,1.000,3.000,0.000,0.000,0.000,2.000,0.000,0.000,0.000,0.000,3.050,0.000,0.000,1.000,0.000,0.000,0.000,1.000,1.000,0.693,3.240,3.178,1.000,0.000
53.000,22.000,1.000,25.000,4.000,0.000,1.000,1.000,0.000,12.050,0.000,27.150,6.500,0.000,666.000,0.000,335.000,0.000,0.000,1.000,0.000,0.000,1.000,2.489,3.240,3.219,2.000,0.000
17.000,42.000,6.000,131.000,5.000,6.000,1.000,0.000,1.000,5.800,0.000,35.350,0.000,21.650,103.100,0.000,0.000,0.000,0.000,1.000,0.000,0.000,1.000,1.758,3.240,4.875,2.000,1.000
59.000,43.000,4.000,101.000,2.000,22.000,0.000,1.000,0.000,13.650,0.000,0.000,20.750,0.000,817.650,0.000,1195.000,0.000,0.000,0.000,0.000,1.000,0.000,2.614,3.240,4.615,2.000,0.000
57.000,37.000,11.000,108.000,4.000,9.000,1.000,1.000,0.000,21.800,27.250,42.000,8.000,0.000,1292.000,1492.100,425.000,0.000,0.000,1.000,1.000,1.000,0.000,3.082,3.305,4.682,3.000,0.000
3.000,24.000,2.000,20.000,2.000,3.000,0.000,1.000,0.000,3.350,22.500,0.000,9.250,0.000,7.550,49.550,15.000,1.000,0.000,1.000,1.000,1.000,0.000,1.209,3.114,2.996,3.000,0.000
4.000,47.000,5.000,123.000,4.000,11.000,1.000,1.000,0.000,2.500,0.000,25.300,13.750,0.000,9.250,0.000,40.000,0.000,0.000,1.000,0.000,0.000,1.000,0.916,3.240,4.812,1.000,0.000
29.000,26.000,7.000,34.000,1.000,7.000,0.000,1.000,0.000,6.500,0.000,0.000,16.000,0.000,198.700,0.000,490.000,0.000,0.000,0.000,1.000,0.000,0.000,1.872,3.240,3.526,3.000,0.000
64.000,55.000,28.000,104.000,1.000,26.000,0.000,1.000,0.000,15.000,0.000,0.000,39.250,0.000,960.950,0.000,2360.000,0.000,0.000,0.000,0.000,1.000,0.000,2.708,3.240,4.644,3.000,0.000
22.000,34.000,1.000,46.000,3.000,1.000,1.000,0.000,0.000,7.100,0.000,23.400,0.000,0.000,125.050,0.000,0.000,0.000,0.000,1.000,0.000,0.000,0.000,1.960,3.240,3.829,2.000,0.000
33.000,54.000,18.000,57.000,4.000,4.000,1.000,0.000,0.000,7.500,30.250,33.900,0.000,0.000,226.250,1105.750,0.000,0.000,0.000,1.000,1.000,0.000,0.000,2.015,3.409,4.043,3.000,1.000
18.000,69.000,11.000,58.000,3.000,8.000,1.000,1.000,1.000,6.350,27.250,53.950,11.750,63.000,118.050,454.050,175.000,1.000,1.000,1.000,1.000,1.000,1.000,1.848,3.305,4.060,4.000,0.000
65.000,65.000,27.000,128.000,3.000,24.000,0.000,1.000,0.000,21.200,24.000,0.000,14.500,0.000,1325.050,1483.550,940.000,0.000,0.000,0.000,1.000,1.000,0.000,3.054,3.178,4.852,3.000,0.000
39.000,24.000,2.000,26.000,2.000,4.000,0.000,1.000,0.000,10.400,0.000,0.000,12.500,0.000,403.500,0.000,480.000,0.000,0.000,0.000,0.000,0.000,1.000,2.342,3.240,3.258,1.000,1.000
28.000,29.000,4.000,23.000,3.000,5.000,0.000,0.000,0.000,3.700,0.000,0.000,0.000,0.000,91.950,0.000,0.000,0.000,0.000,1.000,0.000,1.000,1.000,1.308,3.240,3.135,2.000,0.000
46.000,42.000,9.000,52.000,4.000,7.000,0.000,1.000,0.000,14.250,0.000,0.000,21.000,0.000,611.650,0.000,985.000,0.000,0.000,0.000,0.000,0.000,0.000,2.657,3.240,3.951,2.000,0.000
43.000,43.000,3.000,55.000,4.000,18.000,1.000,1.000,1.000,9.100,40.750,48.400,16.000,50.600,422.700,1802.500,675.000,1.000,1.000,1.000,1.000,1.000,0.000,2.208,3.707,4.007,4.000,0.000
21.000,29.000,7.000,40.000,4.000,2.000,1.000,1.000,1.000,4.500,17.000,36.200,19.250,33.400,89.100,386.800,395.000,0.000,0.000,1.000,1.000,0.000,0.000,1.504,2.833,3.689,1.000,0.000
53.000,57.000,25.000,37.000,1.000,7.000,0.000,1.000,0.000,7.700,0.000,0.000,9.250,0.000,363.950,0.000,465.000,0.000,0.000,0.000,0.000,0.000,0.000,2.041,3.240,3.611,2.000,0.000
50.000,52.000,17.000,36.000,4.000,16.000,0.000,1.000,1.000,11.950,55.000,0.000,48.000,85.850,616.250,2662.100,2330.000,1.000,1.000,0.000,1.000,1.000,1.000,2.481,4.007,3.584,4.000,0.000
43.000,21.000,1.000,25.000,1.000,4.000,0.000,0.000,0.000,7.600,0.000,0.000,0.000,0.000,334.450,0.000,0.000,0.000,0.000,1.000,0.000,1.000,0.000,2.028,3.240,3.219,2.000,1.000
33.000,33.000,12.000,42.000,4.000,7.000,1.000,1.000,1.000,8.800,0.000,30.950,23.000,23.350,305.750,0.000,730.000,1.000,0.000,0.000,0.000,0.000,0.000,2.175,3.240,3.738,2.000,0.000
45.000,66.000,43.000,144.000,2.000,13.000,0.000,1.000,0.000,7.750,0.000,0.000,13.000,0.000,338.800,0.000,565.000,0.000,0.000,1.000,0.000,0.000,0.000,2.048,3.240,4.970,2.000,0.000
28.000,57.000,33.000,82.000,4.000,22.000,1.000,0.000,0.000,4.050,0.000,31.450,0.000,0.000,71.500,0.000,0.000,1.000,0.000,1.000,0.000,0.000,1.000,1.399,3.240,4.407,2.000,1.000
37.000,33.000,1.000,102.000,2.000,12.000,1.000,1.000,1.000,16.300,0.000,33.350,10.250,37.900,646.700,0.000,360.000,0.000,1.000,1.000,1.000,0.000,1.000,2.791,3.240,4.625,4.000,0.000
71.000,56.000,23.000,170.000,1.000,30.000,0.000,1.000,0.000,14.200,27.000,0.000,30.000,0.000,1001.200,1840.650,2140.000,1.000,1.000,0.000,1.000,1.000,0.000,2.653,3.296,5.136,4.000,0.000
58.000,58.000,10.000,96.000,2.000,17.000,0.000,0.000,0.000,12.500,23.000,0.000,0.000,0.000,710.800,1345.950,0.000,0.000,0.000,0.000,1.000,1.000,0.000,2.526,3.135,4.564,3.000,0.000
36.000,58.000,34.000,80.000,1.000,21.000,0.000,1.000,0.000,8.500,0.000,0.000,8.500,0.000,298.250,0.000,260.000,0.000,0.000,0.000,1.000,0.000,0.000,2.140,3.240,4.382,2.000,0.000
26.000,39.000,15.000,58.000,4.000,9.000,0.000,1.000,1.000,8.650,21.250,0.000,6.500,19.650,210.600,567.550,145.000,0.000,0.000,1.000,0.000,1.000,0.000,2.158,3.056,4.060,3.000,0.000
13.000,43.000,1.000,123.000,3.000,21.000,1.000,1.000,0.000,3.850,23.000,33.050,6.750,0.000,55.050,317.500,75.000,0.000,1.000,1.000,1.000,0.000,1.000,1.348,3.135,4.812,4.000,0.000
28.000,40.000,7.000,64.000,1.000,19.000,0.000,0.000,0.000,6.000,27.500,0.000,0.000,0.000,167.650,722.500,0.000,0.000,0.000,0.000,0.000,1.000,0.000,1.792,3.314,4.159,3.000,0.000
1.000,21.000,1.000,18.000,3.000,0.000,1.000,0.000,0.000,2.700,0.000,32.700,0.000,0.000,2.700,0.000,0.000,0.000,0.000,1.000,0.000,1.000,1.000,0.993,3.240,2.890,1.000,1.000
15.000,35.000,5.000,34.000,3.000,8.000,1.000,0.000,0.000,5.150,0.000,25.550,0.000,0.000,110.550,0.000,0.000,0.000,0.000,1.000,0.000,0.000,1.000,1.639,3.240,3.526,2.000,1.000
12.000,64.000,13.000,9.000,2.000,6.000,1.000,1.000,0.000,3.800,30.000,32.800,8.500,0.000,52.850,317.750,95.000,0.000,0.000,1.000,1.000,1.000,1.000,1.335,3.401,2.197,3.000,0.000
5.000,30.000,3.000,46.000,4.000,7.000,1.000,0.000,0.000,4.300,0.000,32.100,0.000,0.000,17.550,0.000,0.000,0.000,0.000,1.000,0.000,0.000,1.000,1.459,3.240,3.829,2.000,1.000
32.000,27.000,3.000,91.000,4.000,1.000,1.000,1.000,1.000,5.500,16.000,42.650,3.750,41.300,189.050,543.150,100.000,1.000,1.000,1.000,0.000,1.000,1.000,1.705,2.773,4.511,4.000,1.000
14.000,36.000,13.000,67.000,5.000,4.000,1.000,0.000,0.000,14.050,0.000,25.100,0.000,0.000,187.400,0.000,0.000,0.000,0.000,1.000,1.000,0.000,0.000,2.643,3.240,4.205,1.000,0.000
67.000,60.000,32.000,93.000,1.000,21.000,1.000,1.000,0.000,18.850,0.000,32.000,42.750,0.000,1200.700,0.000,2665.000,0.000,0.000,0.000,0.000,0.000,1.000,2.937,3.240,4.533,2.000,0.000
60.000,45.000,23.000,117.000,4.000,11.000,1.000,1.000,1.000,12.400,28.000,51.700,19.500,52.900,755.700,1721.250,1135.000,1.000,1.000,1.000,1.000,1.000,1.000,2.518,3.332,4.762,4.000,0.000
70.000,55.000,12.000,65.000,3.000,24.000,0.000,1.000,0.000,26.700,42.750,0.000,20.500,0.000,1874.250,2921.350,1465.000,1.000,0.000,0.000,1.000,1.000,0.000,3.285,3.755,4.174,3.000,0.000
6.000,24.000,2.000,28.000,1.000,5.000,0.000,1.000,0.000,4.400,9.000,0.000,28.250,0.000,35.100,57.800,155.000,0.000,0.000,0.000,1.000,1.000,0.000,1.482,2.197,3.332,3.000,1.000
38.000,33.000,3.000,38.000,4.000,0.000,1.000,1.000,0.000,10.950,0.000,27.200,12.250,0.000,412.800,0.000,465.000,0.000,0.000,1.000,0.000,0.000,1.000,2.393,3.240,3.638,2.000,0.000
53.000,35.000,15.000,59.000,3.000,5.000,0.000,1.000,0.000,16.850,23.250,0.000,18.500,0.000,888.450,1250.700,995.000,0.000,1.000,0.000,1.000,0.000,0.000,2.824,3.146,4.078,3.000,0.000
37.000,76.000,38.000,117.000,4.000,21.000,0.000,1.000,0.000,7.500,0.000,0.000,6.250,0.000,273.700,0.000,230.000,0.000,0.000,0.000,0.000,0.000,0.000,2.015,3.240,4.762,1.000,0.000
61.000,45.000,21.000,80.000,2.000,13.000,0.000,1.000,0.000,18.100,0.000,0.000,35.250,0.000,1114.750,0.000,2200.000,0.000,0.000,0.000,0.000,0.000,0.000,2.896,3.240,4.382,2.000,0.000
20.000,31.000,10.000,39.000,2.000,3.000,0.000,0.000,0.000,7.750,0.000,0.000,0.000,0.000,148.750,0.000,0.000,0.000,0.000,0.000,0.000,0.000,0.000,2.048,3.240,3.664,1.000,0.000
72.000,60.000,33.000,12.000,1.000,20.000,0.000,1.000,1.000,53.750,68.500,0.000,10.250,43.950,3776.100,4938.600,780.000,1.000,1.000,0.000,1.000,1.000,0.000,3.984,4.227,2.485,4.000,0.000
61.000,43.000,6.000,34.000,5.000,6.000,1.000,1.000,1.000,25.050,39.000,56.800,32.750,51.000,1541.900,2536.100,1980.000,1.000,1.000,1.000,1.000,1.000,1.000,3.221,3.664,3.526,4.000,1.000
54.000,27.000,3.000,27.000,2.000,6.000,1.000,1.000,1.000,12.400,35.000,48.300,5.750,43.500,660.850,1919.750,315.000,1.000,1.000,1.000,1.000,1.000,1.000,2.518,3.555,3.296,4.000,0.000
28.000,36.000,3.000,42.000,3.000,7.000,0.000,1.000,0.000,12.900,28.250,0.000,14.000,0.000,363.650,820.150,370.000,0.000,0.000,1.000,1.000,1.000,0.000,2.557,3.341,3.738,3.000,0.000
52.000,42.000,17.000,27.000,3.000,8.000,0.000,1.000,0.000,19.650,31.000,0.000,19.750,0.000,1008.800,1661.300,1050.000,0.000,0.000,1.000,1.000,1.000,0.000,2.978,3.434,3.296,3.000,0.000
43.000,27.000,3.000,21.000,2.000,1.000,0.000,1.000,0.000,12.650,0.000,0.000,16.500,0.000,558.850,0.000,760.000,0.000,0.000,0.000,0.000,0.000,0.000,2.538,3.240,3.045,2.000,0.000
46.000,45.000,12.000,96.000,3.000,17.000,1.000,1.000,0.000,10.950,0.000,24.500,9.750,0.000,504.300,0.000,410.000,0.000,0.000,1.000,0.000,0.000,1.000,2.393,3.240,4.564,2.000,0.000
39.000,59.000,20.000,1668.000,4.000,27.000,0.000,0.000,0.000,8.200,15.000,0.000,0.000,0.000,303.950,595.600,0.000,1.000,0.000,1.000,1.000,0.000,0.000,2.104,2.708,7.419,2.000,0.000
10.000,34.000,1.000,52.000,5.000,3.000,1.000,0.000,1.000,4.300,0.000,32.550,0.000,25.400,47.450,0.000,0.000,0.000,0.000,1.000,0.000,0.000,1.000,1.459,3.240,3.951,2.000,1.000
69.000,46.000,18.000,66.000,2.000,19.000,0.000,1.000,0.000,21.850,0.000,0.000,46.500,0.000,1589.100,0.000,3265.000,0.000,0.000,0.000,0.000,0.000,0.000,3.084,3.240,4.190,2.000,0.000
45.000,30.000,0.000,63.000,5.000,4.000,1.000,1.000,1.000,7.100,40.750,39.750,16.500,50.850,314.800,1849.500,775.000,1.000,1.000,1.000,1.000,1.000,1.000,1.960,3.707,4.143,4.000,1.000
52.000,62.000,23.000,36.000,4.000,17.000,0.000,1.000,0.000,13.350,18.500,0.000,18.500,0.000,709.250,978.850,915.000,0.000,0.000,0.000,0.000,1.000,0.000,2.592,2.918,3.584,1.000,0.000
42.000,36.000,14.000,44.000,2.000,11.000,0.000,0.000,1.000,7.000,26.500,0.000,0.000,26.100,321.950,1161.300,0.000,0.000,1.000,0.000,1.000,1.000,0.000,1.946,3.277,3.784,3.000,0.000
5.000,44.000,5.000,83.000,1.000,16.000,1.000,0.000,0.000,4.650,0.000,25.250,0.000,0.000,12.300,0.000,0.000,0.000,0.000,0.000,1.000,0.000,0.000,1.537,3.240,4.419,2.000,1.000
10.000,33.000,2.000,66.000,3.000,9.000,0.000,1.000,0.000,7.100,21.250,0.000,25.250,0.000,59.300,241.800,220.000,0.000,0.000,1.000,0.000,0.000,0.000,1.960,3.056,4.190,1.000,1.000
26.000,30.000,9.000,18.000,4.000,1.000,0.000,1.000,0.000,7.250,25.500,0.000,32.500,0.000,171.850,688.350,840.000,1.000,1.000,0.000,1.000,1.000,0.000,1.981,3.239,2.890,4.000,1.000
25.000,30.000,0.000,20.000,1.000,4.000,0.000,1.000,0.000,8.550,21.750,0.000,15.500,0.000,215.950,522.150,370.000,0.000,0.000,0.000,1.000,1.000,0.000,2.146,3.080,2.996,3.000,0.000
30.000,23.000,4.000,19.000,3.000,1.000,1.000,1.000,0.000,7.900,0.000,35.200,27.500,0.000,253.050,0.000,840.000,0.000,0.000,1.000,0.000,0.000,1.000,2.067,3.240,2.944,2.000,0.000
65.000,59.000,27.000,197.000,4.000,26.000,1.000,1.000,0.000,45.400,0.000,25.750,46.750,0.000,2973.550,0.000,3065.000,0.000,1.000,0.000,0.000,0.000,1.000,3.816,3.240,5.283,2.000,0.000
5.000,32.000,6.000,33.000,4.000,3.000,1.000,0.000,0.000,3.200,0.000,21.600,0.000,0.000,24.550,0.000,0.000,0.000,0.000,1.000,0.000,0.000,1.000,1.163,3.240,3.497,1.000,1.000
7.000,23.000,3.000,27.000,2.000,1.000,0.000,1.000,0.000,3.650,9.500,0.000,7.000,0.000,21.000,76.050,55.000,0.000,0.000,0.000,1.000,0.000,0.000,1.295,2.251,3.296,1.000,0.000
25.000,29.000,9.000,55.000,4.000,1.000,0.000,0.000,0.000,5.250,24.750,0.000,0.000,0.000,147.950,612.450,0.000,0.000,0.000,0.000,0.000,0.000,1.000,1.658,3.209,4.007,1.000,1.000
8.000,22.000,3.000,25.000,4.000,0.000,0.000,1.000,1.000,8.000,32.250,0.000,18.250,19.450,61.550,264.000,155.000,1.000,0.000,0.000,1.000,1.000,0.000,2.079,3.474,3.219,3.000,0.000
39.000,47.000,1.000,68.000,4.000,10.000,0.000,0.000,0.000,8.300,0.000,0.000,0.000,0.000,308.550,0.000,0.000,0.000,0.000,1.000,0.000,0.000,1.000,2.116,3.240,4.220,2.000,1.000
28.000,36.000,3.000,69.000,3.000,2.000,1.000,1.000,1.000,6.050,25.250,41.550,31.750,36.600,153.050,697.050,835.000,1.000,1.000,0.000,1.000,1.000,1.000,1.800,3.229,4.234,4.000,0.000
55.000,52.000,22.000,127.000,1.000,28.000,0.000,1.000,0.000,7.050,0.000,0.000,20.250,0.000,400.550,0.000,1150.000,1.000,0.000,0.000,0.000,0.000,1.000,1.953,3.240,4.844,2.000,0.000
11.000,63.000,9.000,41.000,3.000,3.000,1.000,0.000,0.000,4.150,0.000,29.900,0.000,0.000,46.350,0.000,0.000,0.000,0.000,1.000,0.000,0.000,1.000,1.423,3.240,3.714,1.000,1.000
51.000,48.000,27.000,58.000,1.000,18.000,0.000,1.000,0.000,19.200,25.750,0.000,9.250,0.000,964.850,1320.050,390.000,0.000,0.000,0.000,0.000,1.000,0.000,2.955,3.248,4.060,3.000,1.000
25.000,62.000,27.000,28.000,4.000,33.000,1.000,1.000,1.000,8.300,14.750,52.000,18.000,47.000,160.400,359.250,430.000,1.000,1.000,0.000,1.000,1.000,1.000,2.116,2.691,3.332,4.000,1.000
62.000,76.000,20.000,35.000,3.000,18.000,0.000,1.000,0.000,17.250,0.000,0.000,17.750,0.000,1045.700,0.000,1085.000,0.000,0.000,0.000,0.000,0.000,1.000,2.848,3.240,3.555,2.000,0.000
53.000,33.000,1.000,60.000,1.000,6.000,0.000,1.000,1.000,17.650,28.500,0.000,41.000,28.550,950.700,1502.200,2170.000,1.000,1.000,0.000,1.000,1.000,0.000,2.871,3.350,4.094,4.000,0.000
1.000,30.000,3.000,135.000,4.000,3.000,1.000,1.000,0.000,1.100,5.750,22.800,2.750,0.000,1.100,5.750,2.750,0.000,0.000,1.000,0.000,0.000,1.000,0.095,1.749,4.905,1.000,1.000
20.000,32.000,10.000,19.000,3.000,5.000,1.000,0.000,0.000,6.850,0.000,36.050,0.000,0.000,106.500,0.000,0.000,0.000,0.000,1.000,0.000,0.000,1.000,1.924,3.240,2.944,2.000,0.000
34.000,63.000,10.000,23.000,2.000,0.000,1.000,1.000,1.000,14.300,19.500,39.600,15.250,28.950,459.050,616.500,495.000,1.000,1.000,1.000,1.000,1.000,1.000,2.660,2.970,3.135,4.000,0.000
44.000,45.000,19.000,88.000,1.000,21.000,0.000,1.000,0.000,11.900,25.250,0.000,8.250,0.000,524.250,1108.400,305.000,0.000,0.000,0.000,1.000,1.000,0.000,2.477,3.229,4.477,3.000,0.000
12.000,23.000,2.000,24.000,4.000,0.000,0.000,1.000,1.000,3.200,41.000,0.000,15.750,35.400,35.500,502.000,210.000,1.000,1.000,1.000,1.000,1.000,0.000,1.163,3.714,3.178,4.000,0.000
39.000,34.000,4.000,20.000,5.000,3.000,1.000,1.000,1.000,9.550,21.250,59.200,10.000,79.200,375.400,872.500,385.000,1.000,1.000,1.000,1.000,1.000,1.000,2.257,3.056,2.996,4.000,0.000
19.000,26.000,2.000,48.000,3.000,0.000,0.000,1.000,0.000,7.550,0.000,0.000,6.500,0.000,156.150,0.000,105.000,1.000,0.000,0.000,1.000,0.000,0.000,2.022,3.240,3.871,3.000,0.000
7.000,27.000,3.000,39.000,3.000,2.000,0.000,0.000,0.000,3.550,0.000,0.000,0.000,0.000,19.700,0.000,0.000,0.000,0.000,0.000,0.000,0.000,0.000,1.267,3.240,3.664,1.000,1.000
32.000,34.000,0.000,38.000,1.000,10.000,0.000,1.000,0.000,7.350,0.000,0.000,19.250,0.000,217.450,0.000,600.000,0.000,0.000,0.000,0.000,0.000,1.000,1.995,3.240,3.638,2.000,0.000
35.000,34.000,7.000,78.000,4.000,10.000,0.000,1.000,0.000,13.900,0.000,0.000,4.500,0.000,556.200,0.000,135.000,0.000,0.000,0.000,0.000,0.000,0.000,2.632,3.240,4.357,1.000,0.000
56.000,42.000,10.000,24.000,2.000,5.000,0.000,0.000,0.000,33.650,0.000,0.000,0.000,0.000,1871.200,0.000,0.000,0.000,0.000,0.000,1.000,1.000,0.000,3.516,3.240,3.178,3.000,0.000
5.000,47.000,7.000,46.000,1.000,6.000,0.000,1.000,0.000,2.950,0.000,0.000,7.250,0.000,21.550,0.000,35.000,0.000,0.000,0.000,0.000,0.000,0.000,1.082,3.240,3.829,1.000,1.000
16.000,50.000,5.000,263.000,2.000,29.000,1.000,0.000,1.000,3.750,17.000,31.950,0.000,21.900,59.750,253.350,0.000,0.000,0.000,0.000,1.000,1.000,1.000,1.322,2.833,5.572,3.000,0.000
17.000,42.000,6.000,31.000,2.000,2.000,0.000,0.000,1.000,8.250,24.500,0.000,0.000,26.400,140.850,404.800,0.000,1.000,0.000,0.000,1.000,1.000,1.000,2.110,3.199,3.434,4.000,1.000
9.000,24.000,3.000,26.000,4.000,1.000,1.000,0.000,0.000,7.650,0.000,23.250,0.000,0.000,75.250,0.000,0.000,0.000,0.000,0.000,0.000,0.000,0.000,2.035,3.240,3.258,1.000,0.000
9.000,41.000,12.000,39.000,4.000,3.000,1.000,0.000,1.000,4.700,0.000,39.650,0.000,20.800,26.300,0.000,0.000,1.000,1.000,1.000,0.000,0.000,1.000,1.548,3.240,3.664,1.000,1.000
71.000,41.000,10.000,73.000,2.000,23.000,0.000,1.000,0.000,32.650,0.000,0.000,41.750,0.000,2412.600,0.000,3085.000,0.000,0.000,0.000,1.000,0.000,0.000,3.486,3.240,4.290,3.000,0.000
11.000,26.000,2.000,53.000,3.000,3.000,1.000,1.000,1.000,4.150,21.500,43.700,11.750,38.800,34.700,188.350,110.000,1.000,1.000,1.000,1.000,0.000,1.000,1.423,3.068,3.970,4.000,1.000
23.000,50.000,1.000,151.000,4.000,8.000,0.000,0.000,0.000,8.250,21.750,0.000,0.000,0.000,186.500,438.400,0.000,0.000,0.000,0.000,0.000,0.000,0.000,2.110,3.080,5.017,1.000,0.000
24.000,58.000,30.000,24.000,1.000,5.000,0.000,0.000,0.000,7.650,16.000,0.000,0.000,0.000,177.400,420.650,0.000,0.000,0.000,0.000,0.000,0.000,0.000,2.035,2.773,3.178,1.000,0.000
4.000,24.000,1.000,17.000,2.000,2.000,0.000,0.000,0.000,3.200,0.000,0.000,0.000,0.000,9.900,0.000,0.000,0.000,0.000,0.000,0.000,0.000,0.000,1.163,3.240,2.833,1.000,1.000
10.000,28.000,9.000,75.000,4.000,1.000,1.000,1.000,1.000,6.200,27.500,42.400,40.000,36.300,45.950,225.850,340.000,1.000,1.000,1.000,1.000,1.000,1.000,1.825,3.314,4.317,4.000,1.000
24.000,35.000,10.000,41.000,5.000,6.000,1.000,0.000,0.000,3.300,0.000,30.300,0.000,0.000,88.650,0.000,0.000,0.000,0.000,1.000,0.000,0.000,1.000,1.194,3.240,3.714,2.000,0.000
12.000,31.000,8.000,18.000,4.000,4.000,1.000,0.000,0.000,3.700,0.000,24.300,0.000,0.000,48.550,0.000,0.000,0.000,0.000,1.000,0.000,0.000,1.000,1.308,3.240,2.890,1.000,1.000
59.000,55.000,29.000,42.000,3.000,21.000,0.000,1.000,0.000,8.950,0.000,0.000,15.250,0.000,492.350,0.000,855.000,0.000,0.000,0.000,0.000,0.000,0.000,2.192,3.240,3.738,2.000,0.000
72.000,75.000,48.000,14.000,2.000,6.000,0.000,1.000,0.000,37.300,0.000,0.000,109.250,0.000,2686.250,0.000,7515.000,0.000,0.000,0.000,0.000,0.000,0.000,3.619,3.240,2.639,2.000,0.000
67.000,40.000,14.000,59.000,3.000,11.000,0.000,1.000,0.000,27.000,30.000,0.000,19.750,0.000,1722.500,1959.950,1245.000,0.000,0.000,0.000,1.000,1.000,0.000,3.296,3.401,4.078,3.000,0.000
10.000,40.000,6.000,22.000,3.000,6.000,0.000,0.000,0.000,5.050,0.000,0.000,0.000,0.000,59.950,0.000,0.000,0.000,0.000,1.000,0.000,0.000,0.000,1.619,3.240,3.091,1.000,1.000
30.000,28.000,1.000,20.000,1.000,8.000,0.000,0.000,0.000,12.400,0.000,0.000,0.000,0.000,369.450,0.000,0.000,0.000,0.000,0.000,0.000,0.000,0.000,2.518,3.240,2.996,1.000,1.000
24.000,46.000,12.000,43.000,2.000,6.000,0.000,1.000,1.000,12.050,48.250,0.000,33.000,28.150,307.750,1079.050,820.000,1.000,1.000,0.000,1.000,1.000,1.000,2.489,3.876,3.761,4.000,0.000
72.000,75.000,37.000,33.000,1.000,44.000,0.000,1.000,0.000,49.300,31.750,0.000,26.000,0.000,3417.400,2254.150,1835.000,0.000,0.000,0.000,0.000,1.000,0.000,3.898,3.458,3.497,2.000,0.000
26.000,43.000,23.000,51.000,5.000,4.000,1.000,0.000,0.000,7.900,0.000,21.950,0.000,0.000,267.600,0.000,0.000,0.000,0.000,1.000,0.000,0.000,0.000,2.067,3.240,3.932,2.000,1.000
36.000,45.000,22.000,117.000,3.000,15.000,0.000,0.000,0.000,10.500,0.000,0.000,0.000,0.000,429.100,0.000,0.000,0.000,0.000,0.000,0.000,0.000,1.000,2.351,3.240,4.762,2.000,0.000
16.000,54.000,20.000,147.000,1.000,29.000,0.000,1.000,0.000,6.950,23.250,0.000,6.500,0.000,98.500,357.950,90.000,0.000,0.000,0.000,1.000,1.000,0.000,1.939,3.146,4.990,3.000,0.000
54.000,42.000,0.000,55.000,4.000,2.000,1.000,1.000,1.000,14.300,55.500,62.150,19.250,83.700,695.200,3086.350,1050.000,1.000,1.000,1.000,1.000,1.000,1.000,2.660,4.016,4.007,4.000,1.000
72.000,62.000,35.000,163.000,5.000,31.000,1.000,1.000,1.000,28.350,32.750,45.150,39.750,56.550,2017.600,2276.300,2845.000,1.000,1.000,1.000,1.000,1.000,0.000,3.345,3.489,5.094,4.000,0.000
19.000,32.000,12.000,71.000,4.000,5.000,1.000,1.000,1.000,5.250,21.500,62.400,17.000,47.800,97.400,419.250,275.000,1.000,1.000,1.000,1.000,1.000,1.000,1.658,3.068,4.263,4.000,1.000
18.000,25.000,4.000,26.000,2.000,7.000,0.000,1.000,0.000,3.300,27.500,0.000,31.000,0.000,50.350,531.100,540.000,0.000,0.000,0.000,0.000,1.000,0.000,1.194,3.314,3.258,1.000,0.000
45.000,34.000,14.000,43.000,4.000,0.000,1.000,0.000,0.000,6.550,0.000,32.350,0.000,0.000,315.200,0.000,0.000,0.000,0.000,1.000,0.000,0.000,1.000,1.879,3.240,3.761,2.000,1.000
17.000,41.000,9.000,28.000,4.000,3.000,0.000,1.000,0.000,1.800,0.000,0.000,10.000,0.000,27.100,0.000,140.000,0.000,0.000,0.000,1.000,0.000,0.000,0.588,3.240,3.332,1.000,0.000
8.000,42.000,2.000,129.000,4.000,17.000,0.000,0.000,0.000,6.100,0.000,0.000,0.000,0.000,63.800,0.000,0.000,0.000,0.000,1.000,0.000,1.000,1.000,1.808,3.240,4.860,1.000,0.000
66.000,62.000,31.000,47.000,2.000,4.000,0.000,1.000,0.000,34.250,21.000,0.000,20.000,0.000,2298.250,1425.350,1355.000,0.000,0.000,0.000,0.000,0.000,0.000,3.534,3.045,3.850,2.000,0.000
60.000,57.000,18.000,72.000,5.000,30.000,1.000,1.000,1.000,20.350,29.000,50.250,20.500,55.900,1263.900,1806.850,1140.000,1.000,1.000,1.000,1.000,1.000,1.000,3.013,3.367,4.277,4.000,0.000
63.000,37.000,1.000,45.000,4.000,9.000,1.000,1.000,0.000,14.950,0.000,39.250,13.500,0.000,974.150,0.000,820.000,1.000,0.000,1.000,0.000,0.000,1.000,2.705,3.240,3.807,2.000,0.000
45.000,27.000,3.000,39.000,3.000,2.000,0.000,0.000,0.000,13.450,0.000,0.000,0.000,0.000,583.900,0.000,0.000,0.000,0.000,0.000,0.000,0.000,0.000,2.599,3.240,3.664,2.000,0.000
68.000,42.000,16.000,89.000,4.000,12.000,1.000,1.000,0.000,25.600,0.000,33.000,16.000,0.000,1759.600,0.000,1020.000,0.000,0.000,1.000,0.000,0.000,1.000,3.243,3.240,4.489,2.000,0.000
6.000,29.000,4.000,19.000,2.000,5.000,0.000,0.000,0.000,4.200,0.000,0.000,0.000,0.000,25.250,0.000,0.000,0.000,0.000,0.000,0.000,0.000,0.000,1.435,3.240,2.944,1.000,0.000
70.000,35.000,4.000,48.000,2.000,9.000,0.000,1.000,0.000,43.600,0.000,0.000,30.000,0.000,3040.800,0.000,2020.000,0.000,0.000,0.000,0.000,1.000,0.000,3.775,3.240,3.871,2.000,0.000
24.000,25.000,3.000,28.000,4.000,0.000,1.000,1.000,1.000,10.600,0.000,40.400,25.250,23.400,267.300,0.000,530.000,0.000,1.000,1.000,0.000,0.000,1.000,2.361,3.240,3.332,2.000,0.000
19.000,35.000,7.000,58.000,3.000,5.000,1.000,1.000,1.000,3.650,37.000,40.300,21.250,43.050,65.150,690.850,385.000,1.000,1.000,1.000,1.000,1.000,0.000,1.295,3.611,4.060,4.000,1.000
5.000,43.000,16.000,72.000,3.000,17.000,0.000,1.000,0.000,5.550,15.750,0.000,6.500,0.000,23.900,62.250,25.000,0.000,0.000,0.000,1.000,1.000,0.000,1.714,2.757,4.277,3.000,0.000
14.000,40.000,13.000,398.000,5.000,11.000,1.000,1.000,1.000,6.400,18.000,43.100,23.750,47.700,71.000,259.000,295.000,1.000,1.000,1.000,1.000,1.000,1.000,1.856,2.890,5.986,4.000,1.000
17.000,39.000,12.000,45.000,4.000,10.000,1.000,0.000,0.000,8.650,0.000,28.950,0.000,0.000,133.100,0.000,0.000,0.000,0.000,0.000,0.000,0.000,1.000,2.158,3.240,3.807,1.000,1.000
59.000,32.000,9.000,73.000,4.000,5.000,0.000,1.000,0.000,29.200,21.500,0.000,12.750,0.000,1726.600,1231.900,655.000,0.000,0.000,0.000,1.000,0.000,1.000,3.374,3.068,4.290,2.000,1.000
60.000,53.000,22.000,171.000,1.000,37.000,0.000,1.000,0.000,9.900,31.750,0.000,18.000,0.000,608.650,1972.100,1070.000,0.000,0.000,0.000,1.000,1.000,0.000,2.293,3.458,5.142,3.000,0.000
53.000,37.000,7.000,25.000,1.000,2.000,0.000,1.000,0.000,5.400,52.000,0.000,34.000,0.000,291.500,2794.950,1660.000,0.000,0.000,0.000,1.000,1.000,0.000,1.686,3.951,3.219,3.000,0.000
14.000,26.000,1.000,25.000,2.000,0.000,0.000,0.000,0.000,4.400,0.000,0.000,0.000,0.000,71.200,0.000,0.000,0.000,0.000,0.000,0.000,0.000,0.000,1.482,3.240,3.219,3.000,0.000
17.000,19.000,0.000,18.000,2.000,0.000,1.000,0.000,0.000,7.100,0.000,24.950,0.000,0.000,120.350,0.000,0.000,0.000,0.000,1.000,0.000,0.000,1.000,1.960,3.240,2.890,2.000,1.000
69.000,42.000,23.000,19.000,3.000,0.000,1.000,1.000,0.000,25.950,0.000,36.900,18.750,0.000,1812.150,0.000,1270.000,0.000,0.000,1.000,0.000,0.000,1.000,3.256,3.240,2.944,1.000,0.000
10.000,20.000,1.000,20.000,2.000,0.000,0.000,0.000,0.000,5.900,0.000,0.000,0.000,0.000,48.950,0.000,0.000,0.000,0.000,0.000,0.000,0.000,0.000,1.775,3.240,2.996,1.000,1.000
21.000,43.000,13.000,41.000,2.000,1.000,1.000,1.000,1.000,6.150,23.750,45.400,12.250,37.250,118.150,497.150,195.000,1.000,1.000,1.000,1.000,1.000,1.000,1.816,3.168,3.714,4.000,1.000
64.000,37.000,10.000,44.000,4.000,9.000,1.000,1.000,0.000,16.150,0.000,35.050,22.000,0.000,965.300,0.000,1350.000,1.000,0.000,0.000,0.000,0.000,1.000,2.782,3.240,3.784,2.000,0.000
60.000,56.000,19.000,51.000,4.000,11.000,1.000,1.000,1.000,15.250,0.000,57.450,28.500,67.000,873.700,0.000,1630.000,1.000,1.000,1.000,1.000,1.000,1.000,2.725,3.240,3.932,4.000,0.000
58.000,37.000,5.000,64.000,4.000,8.000,1.000,1.000,1.000,10.800,58.750,63.250,37.750,109.700,634.750,3525.550,2305.000,1.000,1.000,1.000,1.000,1.000,1.000,2.380,4.073,4.159,4.000,1.000
72.000,61.000,34.000,61.000,1.000,8.000,0.000,1.000,0.000,27.350,0.000,0.000,13.250,0.000,1980.150,0.000,895.000,0.000,0.000,0.000,0.000,0.000,0.000,3.309,3.240,4.111,2.000,0.000
18.000,34.000,4.000,42.000,2.000,14.000,0.000,1.000,0.000,6.450,19.000,0.000,17.000,0.000,104.050,318.750,240.000,1.000,1.000,0.000,1.000,1.000,0.000,1.864,2.944,3.738,4.000,0.000
70.000,36.000,8.000,50.000,1.000,15.000,0.000,1.000,0.000,20.550,0.000,0.000,20.750,0.000,1407.150,0.000,1370.000,0.000,0.000,0.000,0.000,0.000,0.000,3.023,3.240,3.912,2.000,0.000
7.000,38.000,4.000,70.000,4.000,4.000,1.000,1.000,1.000,3.850,19.250,38.350,7.000,17.700,26.650,127.500,40.000,1.000,1.000,1.000,1.000,0.000,1.000,1.348,2.958,4.248,4.000,1.000
71.000,53.000,29.000,48.000,4.000,0.000,0.000,1.000,0.000,34.950,28.750,0.000,36.000,0.000,2506.050,2074.750,2560.000,0.000,0.000,0.000,1.000,1.000,0.000,3.554,3.359,3.871,3.000,0.000
31.000,46.000,23.000,144.000,4.000,13.000,0.000,1.000,0.000,7.600,15.250,0.000,9.750,0.000,271.550,501.150,290.000,0.000,0.000,1.000,1.000,0.000,1.000,2.028,2.725,4.970,3.000,0.000
16.000,49.000,17.000,41.000,2.000,5.000,1.000,0.000,1.000,4.100,14.000,39.150,0.000,31.800,62.450,260.050,0.000,1.000,1.000,1.000,0.000,0.000,0.000,1.411,2.639,3.714,4.000,0.000
59.000,26.000,3.000,41.000,4.000,1.000,1.000,1.000,1.000,12.650,0.000,35.100,46.750,29.150,804.000,0.000,2710.000,0.000,0.000,1.000,0.000,0.000,0.000,2.538,3.240,3.714,2.000,1.000
9.000,40.000,13.000,38.000,4.000,7.000,1.000,1.000,1.000,3.350,21.000,42.400,17.500,59.550,37.700,179.800,125.000,1.000,1.000,1.000,1.000,1.000,1.000,1.209,3.045,3.638,4.000,1.000
12.000,55.000,13.000,36.000,1.000,5.000,1.000,0.000,0.000,5.950,0.000,26.550,0.000,0.000,73.350,0.000,0.000,0.000,0.000,1.000,0.000,0.000,0.000,1.783,3.240,3.584,2.000,1.000
3.000,32.000,4.000,58.000,2.000,11.000,1.000,1.000,1.000,2.750,15.750,29.500,9.250,28.550,5.700,49.650,15.000,1.000,1.000,0.000,0.000,0.000,1.000,1.012,2.757,4.060,4.000,1.000
52.000,39.000,6.000,119.000,3.000,18.000,0.000,1.000,0.000,10.500,25.000,0.000,8.250,0.000,556.500,1280.900,450.000,0.000,1.000,0.000,0.000,0.000,1.000,2.351,3.219,4.779,1.000,0.000
18.000,69.000,28.000,11.000,1.000,17.000,0.000,0.000,0.000,3.850,0.000,0.000,0.000,0.000,62.750,0.000,0.000,0.000,0.000,0.000,0.000,0.000,0.000,1.348,3.240,2.398,1.000,0.000
43.000,29.000,4.000,33.000,1.000,13.000,0.000,1.000,1.000,22.050,18.750,0.000,7.500,24.950,1042.950,830.750,345.000,0.000,0.000,0.000,1.000,1.000,0.000,3.093,2.931,3.497,3.000,0.000
37.000,33.000,4.000,41.000,3.000,8.000,1.000,0.000,0.000,9.200,0.000,30.450,0.000,0.000,347.100,0.000,0.000,0.000,0.000,0.000,0.000,0.000,1.000,2.219,3.240,3.714,2.000,1.000
51.000,46.000,8.000,107.000,2.000,21.000,0.000,1.000,1.000,17.300,25.750,0.000,23.000,37.400,840.000,1396.750,1155.000,0.000,1.000,0.000,1.000,1.000,0.000,2.851,3.248,4.673,3.000,0.000
56.000,53.000,23.000,100.000,5.000,14.000,1.000,1.000,0.000,14.150,0.000,34.200,9.500,0.000,752.900,0.000,560.000,1.000,0.000,1.000,0.000,0.000,1.000,2.650,3.240,4.605,2.000,0.000
72.000,55.000,24.000,82.000,3.000,25.000,1.000,1.000,0.000,62.300,0.000,35.650,65.250,0.000,4333.000,0.000,4915.000,0.000,0.000,0.000,1.000,0.000,1.000,4.132,3.240,4.407,2.000,0.000
32.000,44.000,10.000,201.000,2.000,24.000,0.000,1.000,0.000,7.650,28.000,0.000,18.500,0.000,237.850,895.050,595.000,0.000,1.000,0.000,1.000,1.000,0.000,2.035,3.332,5.303,3.000,0.000
51.000,49.000,29.000,45.000,1.000,16.000,0.000,1.000,0.000,15.700,0.000,0.000,8.500,0.000,815.050,0.000,400.000,0.000,0.000,0.000,1.000,0.000,0.000,2.754,3.240,3.807,1.000,0.000
26.000,55.000,13.000,61.000,1.000,26.000,0.000,1.000,0.000,4.250,29.000,0.000,12.000,0.000,102.450,729.150,300.000,0.000,0.000,0.000,1.000,1.000,0.000,1.447,3.367,4.111,3.000,0.000
34.000,40.000,21.000,23.000,4.000,9.000,1.000,1.000,1.000,5.950,25.750,45.400,16.750,37.700,207.700,805.850,540.000,0.000,1.000,1.000,1.000,1.000,1.000,1.783,3.248,3.135,4.000,0.000
20.000,25.000,4.000,33.000,4.000,0.000,0.000,1.000,1.000,4.550,16.000,0.000,19.250,27.050,115.650,288.750,365.000,0.000,0.000,1.000,0.000,0.000,1.000,1.515,2.773,3.497,1.000,0.000
58.000,36.000,13.000,39.000,2.000,8.000,0.000,1.000,1.000,16.400,38.250,0.000,55.500,57.050,933.100,2355.400,3145.000,1.000,1.000,1.000,1.000,1.000,1.000,2.797,3.644,3.664,4.000,1.000
25.000,38.000,19.000,56.000,1.000,19.000,1.000,1.000,1.000,10.550,0.000,31.950,32.750,23.650,290.250,0.000,770.000,1.000,0.000,0.000,0.000,1.000,0.000,2.356,3.240,4.025,3.000,0.000
66.000,50.000,2.000,333.000,5.000,24.000,0.000,1.000,0.000,10.300,0.000,0.000,14.250,0.000,659.550,0.000,975.000,0.000,1.000,1.000,0.000,0.000,0.000,2.332,3.240,5.808,2.000,0.000
71.000,48.000,25.000,288.000,3.000,19.000,0.000,1.000,0.000,30.900,0.000,0.000,19.750,0.000,2123.600,0.000,1305.000,0.000,0.000,0.000,0.000,0.000,0.000,3.431,3.240,5.663,1.000,0.000
6.000,20.000,0.000,25.000,2.000,0.000,0.000,1.000,0.000,1.900,20.750,0.000,15.500,0.000,19.300,114.400,95.000,0.000,0.000,0.000,1.000,1.000,0.000,0.642,3.033,3.219,3.000,0.000
26.000,30.000,4.000,76.000,3.000,7.000,1.000,0.000,0.000,9.450,0.000,29.200,0.000,0.000,214.700,0.000,0.000,0.000,1.000,0.000,0.000,0.000,1.000,2.246,3.240,4.331,1.000,0.000
61.000,52.000,21.000,82.000,1.000,18.000,0.000,1.000,0.000,12.100,0.000,0.000,15.750,0.000,751.750,0.000,910.000,0.000,0.000,0.000,0.000,1.000,0.000,2.493,3.240,4.407,3.000,0.000
57.000,60.000,20.000,14.000,2.000,27.000,0.000,1.000,0.000,16.100,14.000,0.000,11.750,0.000,938.650,822.350,630.000,0.000,0.000,0.000,1.000,1.000,0.000,2.779,2.639,2.639,3.000,0.000
55.000,44.000,24.000,83.000,1.000,23.000,0.000,1.000,0.000,17.350,24.500,0.000,14.250,0.000,973.100,1343.500,720.000,0.000,0.000,0.000,0.000,1.000,0.000,2.854,3.199,4.419,3.000,0.000
34.000,23.000,3.000,24.000,1.000,7.000,0.000,1.000,0.000,6.000,28.000,0.000,12.750,0.000,203.250,959.400,435.000,0.000,0.000,0.000,1.000,1.000,0.000,1.792,3.332,3.178,3.000,0.000
6.000,32.000,10.000,47.000,1.000,10.000,0.000,1.000,0.000,3.850,23.750,0.000,12.500,0.000,29.900,128.450,80.000,0.000,0.000,0.000,1.000,1.000,0.000,1.348,3.168,3.850,3.000,0.000
24.000,30.000,0.000,25.000,4.000,5.000,0.000,1.000,1.000,8.700,47.750,0.000,32.750,64.000,186.600,1152.900,780.000,1.000,1.000,1.000,1.000,1.000,1.000,2.163,3.866,3.219,4.000,1.000
61.000,50.000,16.000,190.000,2.000,22.000,1.000,1.000,1.000,16.850,0.000,42.550,26.500,44.100,1063.150,0.000,1600.000,0.000,0.000,1.000,0.000,0.000,1.000,2.824,3.240,5.247,2.000,0.000
